number,time,thscode,ths_bond_code_bond,ths_maturity_date_bond,ths_vol_yz_bond,ths_close_daily_settle_bond,ths_surplus_term_d_bond,ths_remain_duration_y_bond
1,2026/4/13,020005.IB,20005,"20,320,524",0,1.5866,"2,233",6.1123
2,2026/4/13,030014.IB,30014,"20,331,215",0,1.6396,"2,803",7.674
3,2026/4/13,060009.IB,60009,"20,260,626",0,0.0896,74,0.2027
4,2026/4/13,070006.IB,70006,"20,370,517",0,1.6893,"4,052",11.0932
5,2026/4/13,070013.IB,70013,"20,270,816",0,0.5311,490,1.3425
6,2026/4/13,080006.IB,80006,"20,380,508",0,1.645,"4,408",12.0685
7,2026/4/13,080013.IB,80013,"20,280,811",0,0.5232,851,2.3288
8,2026/4/13,080020.IB,80020,"20,381,023",0,1.879,"4,576",12.5288
9,2026/4/13,090002.IB,90002,"20,290,219",0,0.9122,"1,043",2.8548
10,2026/4/13,090005.IB,90005,"20,390,409","300,000,000.00",1.78,"4,744",12.989
11,2026/4/13,090020.IB,90020,"20,290,827",0,0.888,"1,232",3.3726
12,2026/4/13,090025.IB,90025,"20,391,015",0,1.9271,"4,933",13.5068
13,2026/4/13,090030.IB,90030,"20,591,130",0,3.0892,"12,284",33.6329
14,2026/4/13,100003.IB,100003,"20,400,301",0,1.8715,"5,071",13.8822
15,2026/4/13,100009.IB,100009,"20,300,415",0,1.0527,"1,463",4.0055
16,2026/4/13,100014.IB,100014,"20,600,524",0,2.2281,"12,460",34.1123
17,2026/4/13,100018.IB,100018,"20,400,621",0,1.8881,"5,183",14.189
18,2026/4/13,100023.IB,100023,"20,400,729",0,1.8991,"5,221",14.2932
19,2026/4/13,100026.IB,100026,"20,400,816",0,1.8891,"5,239",14.3425
20,2026/4/13,100029.IB,100029,"20,300,902",0,1.1182,"1,603",4.389
21,2026/4/13,100037.IB,100037,"20,601,118",0,2.3597,"12,638",34.6
22,2026/4/13,100040.IB,100040,"20,401,209",0,1.8887,"5,354",14.6575
23,2026/4/13,110005.IB,110005,"20,410,224",0,1.874,"5,431",14.8685
24,2026/4/13,110010.IB,110010,"20,310,428",0,1.2615,"1,841",5.0411
25,2026/4/13,110012.IB,110012,"20,610,526",0,2.3514,"12,827",35.1178
26,2026/4/13,110016.IB,110016,"20,410,623",0,1.8786,"5,550",15.1945
27,2026/4/13,110023.IB,110023,"20,611,110",0,2.3891,"12,995",35.5781
28,2026/4/13,120006.IB,120006,"20,320,423",0,1.1954,"2,202",6.0274
29,2026/4/13,120008.IB,120008,"20,620,517",0,2.2626,"13,183",36.0932
30,2026/4/13,120012.IB,120012,"20,420,628",0,2.0022,"5,920",16.2082
31,2026/4/13,120013.IB,120013,"20,420,802",0,1.9996,"5,955",16.3041
32,2026/4/13,120018.IB,120018,"20,320,927",0,1.3508,"2,359",6.4575
33,2026/4/13,120020.IB,120020,"20,621,115",0,2.249,"13,365",36.5918
34,2026/4/13,130009.IB,130009,"20,330,422",0,1.3843,"2,566",7.0247
35,2026/4/13,130010.IB,130010,"20,630,520",0,2.3193,"13,551",37.1014
36,2026/4/13,130016.IB,130016,"20,330,812",0,1.2958,"2,678",7.3315
37,2026/4/13,130019.IB,130019,"20,430,916",0,2.0094,"6,365",17.4274
38,2026/4/13,130024.IB,130024,"20,631,118",0,2.2843,"13,733",37.6
39,2026/4/13,130025.IB,130025,"20,431,209",0,1.9287,"6,449",17.6575
40,2026/4/13,140009.IB,140009,"20,340,428",0,1.5289,"2,937",8.0411
41,2026/4/13,140010.IB,140010,"20,640,526",0,2.3837,"13,923",38.1178
42,2026/4/13,140016.IB,140016,"20,440,724",0,2.0638,"6,677",18.2795
43,2026/4/13,140017.IB,140017,"20,340,811",0,1.4024,"3,042",8.3288
44,2026/4/13,140025.IB,140025,"20,441,027",0,2.1,"6,772",18.5397
45,2026/4/13,140027.IB,140027,"20,641,124",0,2.3622,"14,105",38.6164
46,2026/4/13,150008.IB,150008,"20,350,427",0,1.499,"3,301",9.0384
47,2026/4/13,150010.IB,150010,"20,650,525",0,3.9966,"14,287",39.1151
48,2026/4/13,150017.IB,150017,"20,450,727",0,2.2879,"7,045",19.2877
49,2026/4/13,150021.IB,150021,"20,350,922",0,1.5865,"3,449",9.4438
50,2026/4/13,150025.IB,150025,"20,451,020","40,000,000.00",2.2,"7,130",19.5205
51,2026/4/13,150028.IB,150028,"20,651,123",0,2.4689,"14,469",39.6137
52,2026/4/13,160008.IB,160008,"20,460,425","650,000,000.00",2.28,"7,317",20.0329
53,2026/4/13,160013.IB,160013,"20,660,523","10,000,000.00",2.43,"14,650",40.1096
54,2026/4/13,160017.IB,160017,"20,260,804","1,500,000,000.00",0.8701,113,0.3096
55,2026/4/13,160019.IB,160019,"20,460,822","80,000,000.00",2.2823,"7,436",20.3589
56,2026/4/13,160023.IB,160023,"20,261,103",0,1.1074,204,0.5589
57,2026/4/13,160026.IB,160026,"20,661,121",0,2.0174,"14,832",40.6082
58,2026/4/13,1700002.IB,1700002,"20,270,829",0,0.5268,503,1.3781
59,2026/4/13,170004.IB,170004,"20,270,209","100,000,000.00",0.8101,302,0.8274
60,2026/4/13,170005.IB,170005,"20,470,220",0,2.3073,"7,618",20.8575
61,2026/4/13,170010.IB,170010,"20,270,504",0,0.85,386,1.0575
62,2026/4/13,170011.IB,170011,"20,670,522",0,2.3961,"15,014",41.1068
63,2026/4/13,170015.IB,170015,"20,470,724",0,2.3194,"7,772",21.2795
64,2026/4/13,170018.IB,170018,"20,270,803",0,0.78,477,1.3068
65,2026/4/13,170022.IB,170022,"20,471,023","750,000.00",2.27,"7,863",21.5288
66,2026/4/13,170025.IB,170025,"20,271,102",0,0.7544,568,1.5562
67,2026/4/13,170026.IB,170026,"20,671,120",0,2.4107,"15,196",41.6055
68,2026/4/13,180004.IB,180004,"20,280,201","50,000,000.00",0.82,659,1.8055
69,2026/4/13,180006.IB,180006,"20,480,319","190,000,000.00",2.26,"8,011",21.9315
70,2026/4/13,180011.IB,180011,"20,280,517",0,0.8724,765,2.0932
71,2026/4/13,180012.IB,180012,"20,680,521",0,2.5019,"15,379",42.1041
72,2026/4/13,180017.IB,180017,"20,480,723","270,000,000.00",2.315,"8,137",22.2767
73,2026/4/13,180019.IB,180019,"20,280,816",0,0.9049,856,2.3425
74,2026/4/13,180024.IB,180024,"20,481,022","313,470,000.00",2.2828,"8,228",22.526
75,2026/4/13,180025.IB,180025,"20,681,119",0,2.45,"15,561",42.6027
76,2026/4/13,180027.IB,180027,"20,281,122",0,1.1035,954,2.611
77,2026/4/13,190006.IB,190006,"20,290,523","51,150,000.00",1.1256,"1,136",3.1096
78,2026/4/13,190008.IB,190008,"20,690,624","10,000,000.00",2.4275,"15,778",43.1973
79,2026/4/13,190010.IB,190010,"20,490,722","1,582,410,000.00",2.3,"8,501",23.274
80,2026/4/13,190015.IB,190015,"20,291,121",0,1.2295,"1,318",3.6082
81,2026/4/13,190016.IB,190016,"20,261,205",0,0.7618,236,0.6466
82,2026/4/13,2000002.IB,2000002,"20,270,619",0,1.1045,432,1.1836
83,2026/4/13,2000003.IB,2000003,"20,300,624",0,1.3938,"1,533",4.1973
84,2026/4/13,2000004.IB,2000004,"20,300,716",0,1.3531,"1,555",4.2575
85,2026/4/13,200004.IB,200004,"20,500,316","960,000,000.00",2.3325,"8,738",23.9233
86,2026/4/13,200006.IB,200006,"20,300,521","262,750,000.00",1.415,"1,499",4.1041
87,2026/4/13,200007.IB,200007,"20,700,525","90,000,000.00",2.45,"16,113",44.1151
88,2026/4/13,200008.IB,200008,"20,270,604","206,000,000.00",1.06,417,1.1425
89,2026/4/13,200012.IB,200012,"20,500,914","1,562,250,000.00",2.3025,"8,920",24.4219
90,2026/4/13,200016.IB,200016,"20,301,119","160,500,000.00",1.2766,"1,681",4.6027
91,2026/4/13,200017.IB,200017,"20,271,203",0,1,599,1.6411
92,2026/4/13,210003.IB,210003,"20,710,322","40,000,000.00",2.41,"16,414",44.9397
93,2026/4/13,210005.IB,210005,"20,510,412","2,411,750,000.00",2.298,"9,130",24.9973
94,2026/4/13,210007.IB,210007,"20,280,513","4,170,000.00",1.11,761,2.0822
95,2026/4/13,210009.IB,210009,"20,310,527","300,000,000.00",1.39,"1,870",5.1205
96,2026/4/13,210011.IB,210011,"20,260,812","1,100,000,000.00",0.9201,121,0.3315
97,2026/4/13,210013.IB,210013,"20,281,014","150,000,000.00",1.2225,915,2.5041
98,2026/4/13,210014.IB,210014,"20,511,018","830,000,000.00",2.301,"9,319",25.5151
99,2026/4/13,210017.IB,210017,"20,311,118",0,1.4781,"2,045",5.6
100,2026/4/13,220002.IB,220002,"20,270,120","360,000,000.00",1.0875,282,0.7726
101,2026/4/13,220003.IB,220003,"20,320,217","56,000,000.00",1.5375,"2,136",5.8493
102,2026/4/13,220006.IB,220006,"20,290,324","350,000,000.00",1.2825,"1,076",2.9452
103,2026/4/13,220007.IB,220007,"20,270,415","350,000,000.00",1.105,367,1.0055
104,2026/4/13,220008.IB,220008,"20,520,415","487,280,000.00",2.2925,"9,499",26.0055
105,2026/4/13,220010.IB,220010,"20,320,515","159,450,000.00",1.545,"2,224",6.0877
106,2026/4/13,220012.IB,220012,"20,290,615","161,000,000.00",1.31,"1,159",3.1726
107,2026/4/13,220015.IB,220015,"20,720,715","61,000,000.00",2.445,"16,895",46.2548
108,2026/4/13,220016.IB,220016,"20,270,725",0,1.1416,468,1.2822
109,2026/4/13,220017.IB,220017,"20,320,815","220,000,000.00",1.5925,"2,316",6.3397
110,2026/4/13,220019.IB,220019,"20,320,901","457,010,000.00",1.595,"2,333",6.3863
111,2026/4/13,220021.IB,220021,"20,290,925","290,000,000.00",1.355,"1,261",3.4521
112,2026/4/13,220022.IB,220022,"20,271,015","272,250,000.00",1.21,550,1.5068
113,2026/4/13,220024.IB,220024,"20,521,025","1,221,750,000.00",2.33,"9,692",26.5342
114,2026/4/13,220025.IB,220025,"20,321,115","440,180,000.00",1.5769,"2,408",6.5918
115,2026/4/13,220027.IB,220027,"20,291,215","90,000,000.00",1.3484,"1,342",3.674
116,2026/4/13,230002.IB,230002,"20,280,115","141,750,000.00",1.195,642,1.7589
117,2026/4/13,230004.IB,230004,"20,330,225","162,550,000.00",1.575,"2,510",6.8712
118,2026/4/13,230006.IB,230006,"20,300,325","670,000,000.00",1.35,"1,442",3.9479
119,2026/4/13,230007.IB,230007,"20,730,325",0,2.4499,"17,148",46.9479
120,2026/4/13,230008.IB,230008,"20,280,415","326,000,000.00",1.212,733,2.0055
121,2026/4/13,230009.IB,230009,"20,530,415","887,590,000.00",2.295,"9,864",27.0055
122,2026/4/13,230012.IB,230012,"20,330,525","747,230,000.00",1.62,"2,599",7.1151
123,2026/4/13,230014.IB,230014,"20,300,625","204,760,000.00",1.44,"1,534",4.2
124,2026/4/13,230015.IB,230015,"20,280,715","152,500,000.00",1.2575,824,2.2548
125,2026/4/13,230017.IB,230017,"20,260,815","20,000,000.00",1.019,124,0.3397
126,2026/4/13,230018.IB,230018,"20,330,825","572,240,000.00",1.65,"2,691",7.3671
127,2026/4/13,230019.IB,230019,"20,300,915","355,950,000.00",1.465,"1,616",4.4247
128,2026/4/13,230021.IB,230021,"20,280,925","210,000,000.00",1.2817,896,2.4521
129,2026/4/13,230022.IB,230022,"20,281,015","1,842,750,000.00",1.28,916,2.5068
130,2026/4/13,230023.IB,230023,"20,531,015","16,861,250,000.00",2.2789,"10,047",27.5068
131,2026/4/13,230025.IB,230025,"20,261,115","3,000,000,000.00",1.0375,216,0.5918
132,2026/4/13,230026.IB,230026,"20,331,125","450,250,000.00",1.65,"2,783",7.6192
133,2026/4/13,230028.IB,230028,"20,301,225","202,500,000.00",1.4975,"1,717",4.7014
134,2026/4/13,2400001.IB,2400001,"20,540,520","4,022,400,000.00",2.3133,"10,264",28.1014
135,2026/4/13,2400002.IB,2400002,"20,440,525","1,656,300,000.00",2.2,"6,617",18.1151
136,2026/4/13,2400003.IB,2400003,"20,740,615",0,2.46,"17,595",48.1726
137,2026/4/13,2400004.IB,2400004,"20,540,725","1,390,000,000.00",2.315,"10,330",28.2822
138,2026/4/13,2400005.IB,2400005,"20,440,815","310,000,000.00",2.23,"6,699",18.3397
139,2026/4/13,2400006.IB,2400006,"20,540,925","2,561,580,000.00",2.3,"10,392",28.4521
140,2026/4/13,240001.IB,240001,"20,290,115","3,093,350,000.00",1.28,"1,008",2.7589
141,2026/4/13,240003.IB,240003,"20,270,225",0,1.1366,318,0.8712
142,2026/4/13,240004.IB,240004,"20,340,225","513,800,000.00",1.685,"2,875",7.8712
143,2026/4/13,240006.IB,240006,"20,310,325","456,630,000.00",1.5125,"1,807",4.9479
144,2026/4/13,240007.IB,240007,"20,740,325","380,000,000.00",2.4075,"17,513",47.9479
145,2026/4/13,240008.IB,240008,"20,290,415","133,000,000.00",1.335,"1,098",3.0055
146,2026/4/13,240010.IB,240010,"20,270,515","10,000,000.00",1.245,397,1.0877
147,2026/4/13,2400101.IB,2400101,"20,340,829",0,1.7395,"3,060",8.3781
148,2026/4/13,2400102.IB,2400102,"20,390,829",0,2.01,"4,886",13.3781
149,2026/4/13,240011.IB,240011,"20,340,525","263,400,000.00",1.705,"2,964",8.1151
150,2026/4/13,240013.IB,240013,"20,310,625","320,610,000.00",1.52,"1,899",5.2
151,2026/4/13,240014.IB,240014,"20,290,715","282,750,000.00",1.375,"1,189",3.2548
152,2026/4/13,240016.IB,240016,"20,270,815","813,000,000.00",1.25,489,1.3397
153,2026/4/13,240017.IB,240017,"20,340,825","283,000,000.00",1.7247,"3,056",8.3671
154,2026/4/13,240018.IB,240018,"20,310,915","1,085,000,000.00",1.55,"1,981",5.4247
155,2026/4/13,240019.IB,240019,"20,260,925",0,1.1247,165,0.4521
156,2026/4/13,240020.IB,240020,"20,291,015","32,000,000.00",1.4025,"1,281",3.5068
157,2026/4/13,240022.IB,240022,"20,271,115","223,500,000.00",1.245,581,1.5918
158,2026/4/13,240023.IB,240023,"20,341,125","123,390,000.00",1.735,"3,148",8.6192
159,2026/4/13,240024.IB,240024,"20,261,215","260,000,000.00",1.19,246,0.674
160,2026/4/13,240025.IB,240025,"20,311,225","152,250,000.00",1.585,"2,082",5.7014
161,2026/4/13,2500001.IB,2500001,"20,450,425","861,070,000.00",2.235,"6,952",19.0329
162,2026/4/13,2500002.IB,2500002,"20,550,425","41,308,200,000.00",2.238,"10,604",29.0329
163,2026/4/13,2500003.IB,2500003,"20,750,525","1,790,000,000.00",2.382,"17,939",49.1151
164,2026/4/13,2500004.IB,2500004,"20,450,715","2,960,000,000.00",2.241,"7,033",19.2548
165,2026/4/13,2500005.IB,2500005,"20,550,715","2,970,000,000.00",2.2925,"10,685",29.2548
166,2026/4/13,2500006.IB,2500006,"20,550,825","42,712,530,000.00",2.278,"10,726",29.3671
167,2026/4/13,250002.IB,250002,"20,550,115","1,014,580,000.00",2.2925,"10,504",28.7589
168,2026/4/13,250003.IB,250003,"20,300,125","3,714,250,000.00",1.445,"1,383",3.7863
169,2026/4/13,250004.IB,250004,"20,350,215","1,796,170,000.00",1.7475,"3,230",8.8438
170,2026/4/13,250005.IB,250005,"20,280,225","477,730,000.00",1.255,683,1.8712
171,2026/4/13,250006.IB,250006,"20,270,315","630,000,000.00",1.18,336,0.9205
172,2026/4/13,250007.IB,250007,"20,320,325","2,425,800,000.00",1.585,"2,173",5.9479
173,2026/4/13,250009.IB,250009,"20,350,515","8,900,000.00",1.762,"3,319",9.0877
174,2026/4/13,250010.IB,250010,"20,280,525","32,470,000.00",1.2875,773,2.1151
175,2026/4/13,2500101.IB,2500101,"20,351,212",0,1.5963,"3,530",9.6658
176,2026/4/13,2500102.IB,2500102,"20,401,212",0,2.1199,"5,357",14.6658
177,2026/4/13,250011.IB,250011,"20,350,525","2,425,210,000.00",1.7465,"3,329",9.1151
178,2026/4/13,250012.IB,250012,"20,270,615","400,000,000.00",1.25,428,1.1726
179,2026/4/13,250013.IB,250013,"20,260,725","7,050,000,000.00",1.1648,103,0.2822
180,2026/4/13,250014.IB,250014,"20,300,725","1,606,640,000.00",1.493,"1,564",4.2822
181,2026/4/13,250015.IB,250015,"20,280,815","514,870,000.00",1.35,855,2.3397
182,2026/4/13,250016.IB,250016,"20,350,825","10,329,250,000.00",1.809,"3,421",9.3671
183,2026/4/13,250017.IB,250017,"20,270,915","557,600,000.00",1.2925,520,1.4247
184,2026/4/13,250018.IB,250018,"20,320,915","2,980,820,000.00",1.635,"2,347",6.4247
185,2026/4/13,250019.IB,250019,"20,261,015","41,000,000.00",1.17,185,0.5068
186,2026/4/13,250020.IB,250020,"20,301,025","1,524,950,000.00",1.5263,"1,656",4.5342
187,2026/4/13,250021.IB,250021,"20,751,106","2,842,100,000.00",2.4514,"18,104",49.5671
188,2026/4/13,250022.IB,250022,"20,351,115","12,741,250,000.00",1.8065,"3,503",9.5918
189,2026/4/13,250023.IB,250023,"20,281,125","1,063,250,000.00",1.3425,957,2.6192
190,2026/4/13,250024.IB,250024,"20,271,215","2,063,250,000.00",1.3075,611,1.674
191,2026/4/13,250025.IB,250025,"20,321,225","7,545,460,000.00",1.664,"2,448",6.7014
192,2026/4/13,2500801.IB,2500801,"20,300,425",0,1.4852,"1,473",4.0329
193,2026/4/13,2500802.IB,2500802,"20,320,515",0,1.6211,"2,224",6.0877
194,2026/4/13,259981.IB,259981,"20,260,625","20,000,000.00",1.0698,73,0.2
195,2026/4/13,2600001.IB,2600001,"20,460,425",--,--,"7,305",20
196,2026/4/13,2600002.IB,2600002,"20,560,425",--,--,"10,958",30
197,2026/4/13,2600003.IB,2600003,"20,760,507",--,--,"18,263",50
198,2026/4/13,260001.IB,260001,"20,270,115","1,170,000,000.00",1.1725,277,0.7589
199,2026/4/13,260002.IB,260002,"20,560,115","75,882,750,000.00",2.29,"10,869",29.7589
200,2026/4/13,260003.IB,260003,"20,310,125","6,065,950,000.00",1.535,"1,748",4.7863
201,2026/4/13,260004.IB,260004,"20,290,225","72,802,750,000.00",1.3525,"1,049",2.8712
202,2026/4/13,260005.IB,260005,"20,360,225","32,599,760,000.00",1.788,"3,605",9.8712
203,2026/4/13,260006.IB,260006,"20,280,315","5,363,920,000.00",1.32,702,1.9205
204,2026/4/13,260007.IB,260007,"20,330,325","11,493,100,000.00",1.6825,"2,538",6.9479
205,2026/4/13,260008.IB,260008,"20,310,415",--,--,"1,826",5
206,2026/4/13,260009.IB,260009,"20,270,425",--,--,365,1
207,2026/4/13,260010.IB,260010,"20,360,515",--,--,"3,653",10
208,2026/4/13,260011.IB,260011,"20,290,525",--,--,"1,096",3
209,2026/4/13,260012.IB,260012,"20,330,615",--,--,"2,557",7
210,2026/4/13,269901.IB,269901,"20,260,708",0,1.1827,86,0.2356
211,2026/4/13,269907.IB,269907,"20,260,805","730,000,000.00",1.1799,114,0.3123
212,2026/4/13,269913.IB,269913,"20,260,903","110,000,000.00",1.1501,143,0.3918
213,2026/4/13,269918.IB,269918,"20,260,618",0,1.1745,66,0.1808
214,2026/4/13,269919.IB,269919,"20,260,624",0,1.1856,72,0.1973
215,2026/4/13,269920.IB,269920,"20,260,702","6,960,000,000.00",1.1702,80,0.2192
216,2026/4/13,269921.IB,269921,"20,260,709","32,770,000,000.00",1.1699,87,0.2384
217,2026/4/13,269922.IB,269922,"20,260,617",--,--,63,0.1726
218,2026/4/13,269924.IB,269924,"20,260,716",--,--,91,0.2493
219,2026/4/13,269925.IB,269925,"20,261,022",--,--,182,0.4986
220,2026/4/13,269926.IB,269926,"20,260,723",--,--,91,0.2493
221,2026/4/13,269928.IB,269928,"20,260,806",--,--,91,0.2493
222,2026/4/13,269929.IB,269929,"20,260,813",--,--,91,0.2493
223,2026/4/13,269930.IB,269930,"20,260,717",--,--,63,0.1726
224,2026/4/13,269931.IB,269931,"20,261,119",--,--,182,0.4986
225,2026/4/13,269932.IB,269932,"20,260,820",--,--,91,0.2493
226,2026/4/13,269933.IB,269933,"20,260,702",--,--,28,0.0767
227,2026/4/13,269934.IB,269934,"20,260,903",--,--,91,0.2493
228,2026/4/13,269935.IB,269935,"20,260,813",--,--,63,0.1726
229,2026/4/13,269936.IB,269936,"20,260,910",--,--,91,0.2493
230,2026/4/13,269937.IB,269937,"20,261,217",--,--,182,0.4986
231,2026/4/13,9802.IB,9802,"20,280,818",0,7.1729,858,2.3479
,,,,,,,,
数据来源：同花顺iFinD,,,,,,,,
