number,time,thscode,ths_bond_code_bond,ths_maturity_date_bond,ths_vol_yz_bond,ths_close_daily_settle_bond,ths_surplus_term_d_bond,ths_remain_duration_y_bond,
1,2026-04-13,010221.IB,010221,"20,320,112",0.0000,1.7224,"2,100",5.7507,
2,2026-04-13,050220.IB,050220,"20,351,011",0.0000,1.8893,"3,468",9.4959,
3,2026-04-13,060219.IB,060219,"20,260,905",--,--,145,0.3973,
4,2026-04-13,060224.IB,060224,"20,361,030",0.0000,1.9530,"3,853",10.5479,
5,2026-04-13,070207.IB,070207,"20,270,524",--,--,406,1.1123,
6,2026-04-13,080209.IB,080209,"20,280,610",0.0000,0.3731,789,2.1589,
7,2026-04-13,080211.IB,080211,"20,280,624","60,000,000.0000",1.5650,803,2.1973,
8,2026-04-13,090206.IB,090206,"20,290,708",0.0000,1.5641,"1,182",3.2356,
9,2026-04-13,090219.IB,090219,"20,291,104",0.0000,1.6257,"1,301",3.5616,
10,2026-04-13,090224.IB,090224,"20,291,222",0.0000,1.6074,"1,349",3.6932,
11,2026-04-13,092302001.IB,092302001,"20,300,109","290,000,000.0000",1.6450,"1,367",3.7425,
12,2026-04-13,092302002.IB,092302002,"20,300,710","50,000,000.0000",1.6725,"1,549",4.2411,
13,2026-04-13,09230220.IB,09230220,"20,430,724","1,455,000,000.0000",2.2200,"6,311",17.2795,
14,2026-04-13,092402001.IB,092402001,"20,270,821",0.0000,1.4381,495,1.3562,
15,2026-04-13,092402002.IB,092402002,"20,271,018",0.0000,1.3813,553,1.5151,
16,2026-04-13,092402003.IB,092402003,"20,271,118",0.0000,1.5417,584,1.6000,
17,2026-04-13,09240201.IB,09240201,"20,310,108","620,000,000.0000",1.6750,"1,731",4.7397,
18,2026-04-13,09240202.IB,09240202,"20,270,412","5,770,000,000.0000",1.4200,364,0.9973,
19,2026-04-13,09240203.IB,09240203,"20,270,902","1,800,000,000.0000",1.4975,507,1.3890,
20,2026-04-13,092502001.IB,092502001,"20,280,616","60,000,000.0000",1.4981,795,2.1753,
21,2026-04-13,092502002.IB,092502002,"20,281,010",0.0000,1.5745,911,2.4932,
22,2026-04-13,092502003.IB,092502003,"20,281,128",0.0000,1.5501,960,2.6274,
23,2026-04-13,09250202.IB,09250202,"20,280,214","1,300,000,000.0000",1.5325,672,1.8411,
24,2026-04-13,09250204.IB,09250204,"20,320,214","50,000,000.0000",1.7400,"2,133",5.8411,
25,2026-04-13,09250207.IB,09250207,"20,280,912","1,210,000,000.0000",1.5880,883,2.4164,
26,2026-04-13,09250209.IB,09250209,"20,320,919",0.0000,1.8195,"2,351",6.4356,
27,2026-04-13,092502101.IB,092502101,"20,280,512",0.0000,1.5366,760,2.0795,
28,2026-04-13,09250212.IB,09250212,"20,271,121",0.0000,1.5298,587,1.6082,
29,2026-04-13,092602001.IB,092602001,"20,290,410","300,000,000.0000",1.5422,"1,093",2.9918,
30,2026-04-13,09260202.IB,09260202,"20,290,424",--,--,"1,096",3.0000,
31,2026-04-13,09260204.IB,09260204,"20,330,109","880,000,000.0000",1.7932,"2,463",6.7425,
32,2026-04-13,09260205.IB,09260205,"20,360,605",--,--,"3,653",10.0000,
33,2026-04-13,100205.IB,100205,"20,300,317",0.0000,1.6543,"1,434",3.9260,
34,2026-04-13,100207.IB,100207,"20,400,407",0.0000,2.1867,"5,108",13.9836,
35,2026-04-13,100232.IB,100232,"20,401,116",0.0000,2.2080,"5,331",14.5945,
36,2026-04-13,100241.IB,100241,"20,410,111",--,--,"5,387",14.7479,
37,2026-04-13,110209.IB,110209,"20,410,223",0.0000,2.1882,"5,430",14.8658,
38,2026-04-13,110256.IB,110256,"20,411,012",0.0000,3.7765,"5,661",15.4986,
39,2026-04-13,1202204.IB,1202204,"20,620,628",--,--,"13,225",36.2082,
40,2026-04-13,1202207.IB,1202207,"20,620,928",--,--,"13,317",36.4603,
41,2026-04-13,120251.IB,120251,"20,421,225",0.0000,3.8451,"6,100",16.7014,
42,2026-04-13,120252.IB,120252,"20,621,225",0.0000,5.5985,"13,405",36.7014,
43,2026-04-13,1302202.IB,1302202,"20,280,602",--,--,781,2.1370,
44,2026-04-13,1302204.IB,1302204,"20,630,419",--,--,"13,520",37.0164,
45,2026-04-13,1302205.IB,1302205,"20,630,801",--,--,"13,624",37.3014,
46,2026-04-13,140217.IB,140217,"20,290,704",0.0000,1.5861,"1,178",3.2247,
47,2026-04-13,1502201.IB,1502201,"20,650,402",--,--,"14,234",38.9699,
48,2026-04-13,160205.IB,160205,"20,360,125","40,000,000.0000",1.8925,"3,574",9.7863,
49,2026-04-13,160213.IB,160213,"20,260,825","140,000,000.0000",1.3649,134,0.3671,
50,2026-04-13,160216.IB,160216,"20,461,104",0.0000,2.3538,"7,510",20.5616,
51,2026-04-13,1602301.IB,1602301,"20,361,027",--,--,"3,850",10.5397,
52,2026-04-13,170202.IB,170202,"20,370,109",0.0000,1.9163,"3,924",10.7425,
53,2026-04-13,170210.IB,170210,"20,270,410","1,210,000,000.0000",1.4275,362,0.9918,
54,2026-04-13,170215.IB,170215,"20,270,824","140,000,000.0000",1.4950,498,1.3644,
55,2026-04-13,1702301.IB,1702301,"20,370,125",--,--,"3,940",10.7863,
56,2026-04-13,1702302.IB,1702302,"20,270,303",--,--,324,0.8877,
57,2026-04-13,1702303.IB,1702303,"20,370,303",--,--,"3,977",10.8877,
58,2026-04-13,180205.IB,180205,"20,280,209","250,000,000.0000",1.5200,667,1.8274,
59,2026-04-13,180210.IB,180210,"20,280,706","1,220,000,000.0000",1.5500,815,2.2301,
60,2026-04-13,190205.IB,190205,"20,290,108","490,000,000.0000",1.5800,"1,001",2.7397,
61,2026-04-13,190209.IB,190209,"20,260,813","10,000,000.0000",1.3475,122,0.3342,
62,2026-04-13,190210.IB,190210,"20,290,521","530,000,000.0000",1.6025,"1,134",3.1041,
63,2026-04-13,190215.IB,190215,"20,290,920","2,630,000,000.0000",1.6200,"1,256",3.4384,
64,2026-04-13,200204.IB,200204,"20,270,114","180,000,000.0000",1.3999,276,0.7562,
65,2026-04-13,200205.IB,200205,"20,300,310","1,970,000,000.0000",1.6500,"1,427",3.9068,
66,2026-04-13,200209.IB,200209,"20,270,710",0.0000,1.4729,453,1.2411,
67,2026-04-13,200210.IB,200210,"20,300,618","500,000,000.0000",1.6563,"1,527",4.1808,
68,2026-04-13,200215.IB,200215,"20,301,020","200,000,000.0000",1.6675,"1,651",4.5205,
69,2026-04-13,200220.IB,200220,"20,400,803","3,100,000.0000",2.0685,"5,226",14.3068,
70,2026-04-13,210204.IB,210204,"20,280,108","100,000,000.0000",1.5275,635,1.7397,
71,2026-04-13,210205.IB,210205,"20,310,301","1,040,000,000.0000",1.6786,"1,783",4.8822,
72,2026-04-13,210208.IB,210208,"20,260,910","80,000,000.0000",1.3699,150,0.4110,
73,2026-04-13,210209.IB,210209,"20,280,809",0.0000,1.5498,849,2.3233,
74,2026-04-13,210210.IB,210210,"20,310,607","1,960,000,000.0000",1.6830,"1,881",5.1507,
75,2026-04-13,210215.IB,210215,"20,310,913","2,490,000,000.0000",1.6975,"1,979",5.4192,
76,2026-04-13,210220.IB,210220,"20,411,108","360,000,000.0000",2.1550,"5,688",15.5726,
77,2026-04-13,210221.IB,210221,"20,511,119",0.0000,2.4238,"9,351",25.6027,
78,2026-04-13,2202001.IB,2202001,"20,270,121",0.0000,1.8779,283,0.7753,
79,2026-04-13,2202001QF.IB,2202001QF,"20,270,121",0.0000,1.3065,283,0.7753,
80,2026-04-13,220203.IB,220203,"20,270,224","1,190,000,000.0000",1.4000,317,0.8685,
81,2026-04-13,220204.IB,220204,"20,290,301","330,000,000.0000",1.5850,"1,053",2.8822,
82,2026-04-13,220205.IB,220205,"20,320,117","6,240,000,000.0000",1.7180,"2,105",5.7644,
83,2026-04-13,220208.IB,220208,"20,270,616","6,400,000,000.0000",1.4575,429,1.1753,
84,2026-04-13,220209.IB,220209,"20,290,913",0.0000,1.6308,"1,249",3.4192,
85,2026-04-13,220210.IB,220210,"20,320,422","2,120,000,000.0000",1.7310,"2,201",6.0247,
86,2026-04-13,220215.IB,220215,"20,320,718","2,297,700,000.0000",1.7500,"2,288",6.2630,
87,2026-04-13,220218.IB,220218,"20,270,624",0.0000,1.4853,437,1.1973,
88,2026-04-13,220219.IB,220219,"20,320,624",0.0000,2.4462,"2,264",6.1973,
89,2026-04-13,220220.IB,220220,"20,321,024","2,180,000,000.0000",1.7598,"2,386",6.5315,
90,2026-04-13,2302002QF.IB,2302002QF,"20,260,926",0.0000,1.2895,166,0.4548,
91,2026-04-13,230203.IB,230203,"20,280,111","2,120,000,000.0000",1.5188,638,1.7479,
92,2026-04-13,230205.IB,230205,"20,330,306","1,640,000,000.0000",1.7638,"2,519",6.8959,
93,2026-04-13,230207.IB,230207,"20,260,706","540,000,000.0000",1.3349,84,0.2301,
94,2026-04-13,230208.IB,230208,"20,280,525","3,950,000,000.0000",1.5425,773,2.1151,
95,2026-04-13,230210.IB,230210,"20,330,522","3,306,190,000.0000",1.7750,"2,596",7.1068,
96,2026-04-13,230215.IB,230215,"20,330,911","190,000,000.0000",1.7850,"2,708",7.4137,
97,2026-04-13,240202.IB,240202,"20,270,105","1,370,000,000.0000",1.3950,267,0.7315,
98,2026-04-13,240203.IB,240203,"20,290,222","4,850,000,000.0000",1.5755,"1,046",2.8630,
99,2026-04-13,240204.IB,240204,"20,260,904","340,000,000.0000",1.3675,144,0.3945,
100,2026-04-13,240205.IB,240205,"20,340,108","6,375,000,000.0000",1.8025,"2,827",7.7397,
101,2026-04-13,240208.IB,240208,"20,290,724","5,110,000,000.0000",1.6050,"1,198",3.2795,
102,2026-04-13,240210.IB,240210,"20,340,506","5,350,000,000.0000",1.8125,"2,945",8.0630,
103,2026-04-13,240213.IB,240213,"20,270,108",0.0000,1.3628,270,0.7397,
104,2026-04-13,240214.IB,240214,"20,270,115","120,000,000.0000",1.3874,277,0.7589,
105,2026-04-13,240215.IB,240215,"20,340,719","2,510,000,000.0000",1.8325,"3,019",8.2658,
106,2026-04-13,240216.IB,240216,"20,340,419",0.0000,2.0593,"2,928",8.0164,
107,2026-04-13,240217.IB,240217,"20,291,122",0.0000,1.5718,"1,319",3.6110,
108,2026-04-13,240218.IB,240218,"20,260,722",0.0000,1.5736,100,0.2740,
109,2026-04-13,240219.IB,240219,"20,290,722","80,000,000.0000",1.7351,"1,196",3.2740,
110,2026-04-13,240220.IB,240220,"20,341,122",0.0000,1.6554,"3,145",8.6110,
111,2026-04-13,250202.IB,250202,"20,270,528","2,740,000,000.0000",1.4500,410,1.1233,
112,2026-04-13,250203.IB,250203,"20,300,106","5,050,000,000.0000",1.6300,"1,364",3.7342,
113,2026-04-13,250205.IB,250205,"20,350,103","5,010,000,000.0000",1.8400,"3,187",8.7260,
114,2026-04-13,250208.IB,250208,"20,300,613","7,190,000,000.0000",1.6481,"1,522",4.1671,
115,2026-04-13,250210.IB,250210,"20,350,402","4,330,000,000.0000",1.8500,"3,276",8.9699,
116,2026-04-13,2502101.IB,2502101,"20,270,512",0.0000,1.4478,394,1.0795,
117,2026-04-13,250211.IB,250211,"20,260,909","2,040,000,000.0000",1.3850,149,0.4082,
118,2026-04-13,250213.IB,250213,"20,280,103",0.0000,1.5200,630,1.7260,
119,2026-04-13,250214.IB,250214,"20,280,110","1,050,000,000.0000",1.4987,637,1.7452,
120,2026-04-13,250215.IB,250215,"20,350,618","33,980,000,000.0000",1.8675,"3,353",9.1808,
121,2026-04-13,250218.IB,250218,"20,301,022","12,890,000,000.0000",1.6650,"1,653",4.5260,
122,2026-04-13,250220.IB,250220,"20,350,905","308,861,470,000.0000",1.9295,"3,432",9.3973,
123,2026-04-13,260201.IB,260201,"20,270,302","5,860,000,000.0000",1.4200,323,0.8849,
124,2026-04-13,260202.IB,260202,"20,280,304","730,000,000.0000",1.5400,691,1.8904,
125,2026-04-13,260203.IB,260203,"20,310,311","3,360,000,000.0000",1.6825,"1,793",4.9096,
126,2026-04-13,260205.IB,260205,"20,360,306","49,840,000,000.0000",1.8860,"3,615",9.8959,
127,2026-04-13,260214.IB,260214,"20,290,106","100,000,000.0000",1.5448,999,2.7342,
128,2026-04-13,267701.IB,267701,"20,260,706",0.0000,1.4031,84,0.2301,
129,2026-04-13,267702.IB,267702,"20,260,713",0.0000,1.4226,91,0.2493,
130,2026-04-13,267703.IB,267703,"20,260,720",0.0000,1.3759,98,0.2685,
131,2026-04-13,267704.IB,267704,"20,260,727",0.0000,1.4650,105,0.2877,
132,2026-04-13,267705.IB,267705,"20,260,803",0.0000,1.3991,112,0.3068,
133,2026-04-13,267706.IB,267706,"20,260,810",0.0000,1.3741,119,0.3260,
134,2026-04-13,267707.IB,267707,"20,260,903",0.0000,1.3855,143,0.3918,
135,2026-04-13,267708.IB,267708,"20,260,910",0.0000,1.3782,150,0.4110,
136,2026-04-13,267709.IB,267709,"20,260,917",0.0000,1.3939,157,0.4301,
137,2026-04-13,267710.IB,267710,"20,260,924",0.0000,1.4073,164,0.4493,
,,,,,,,,,
数据来源：同花顺iFinD,,,,,,,,,
