valuation_date,currency,rate_to_cny
2024-06-03,USD,7.1257
2024-06-04,USD,7.0647
2024-06-05,USD,7.2688
2024-07-11,HKD,0.92953
2024-07-12,HKD,0.92857
2024-07-15,HKD,0.92989
2024-07-16,HKD,0.93092
2024-07-17,HKD,0.92998
2024-07-18,HKD,0.92955
2024-07-19,HKD,0.93075
2024-07-22,HKD,0.93165
2024-07-23,HKD,0.93152
2024-07-24,HKD,0.93006
2024-07-25,HKD,0.92626
2024-07-26,HKD,0.92869
2024-07-29,HKD,0.92947
2024-07-30,HKD,0.92802
2024-07-31,HKD,0.92402
2024-08-01,HKD,0.92697
2024-08-02,HKD,0.91704
2024-08-05,HKD,0.91532
2024-08-06,HKD,0.91804
2024-08-07,HKD,0.92017
2024-08-08,HKD,0.92039
2024-08-09,HKD,0.91899
2024-08-12,HKD,0.9208
2024-08-13,HKD,0.91866
2024-08-14,HKD,0.91599
2024-08-15,HKD,0.92003
2024-08-16,HKD,0.91917
2024-08-19,HKD,0.91662
2024-08-20,HKD,0.9157
2024-08-21,HKD,0.91535
2024-08-22,HKD,0.91616
2024-08-23,HKD,0.91375
2024-08-26,HKD,0.91336
2024-08-27,HKD,0.91315
2024-08-28,HKD,0.91322
2024-08-29,HKD,0.91011
2024-08-30,HKD,0.90928
2024-09-02,HKD,0.91278
2024-09-03,HKD,0.91304
2024-09-04,HKD,0.91214
2024-09-05,HKD,0.91001
2024-09-06,HKD,0.90916
2024-09-09,HKD,0.91225
2024-09-10,HKD,0.91315
2024-09-11,HKD,0.91286
2024-09-12,HKD,0.9121
2024-09-13,HKD,0.90939
2024-09-16,HKD,0.91019
2024-09-17,HKD,0.90999
2024-09-18,HKD,0.9086
2024-09-19,HKD,0.90667
2024-09-20,HKD,0.90504
2024-09-23,HKD,0.90542
2024-09-24,HKD,0.90323
2024-09-25,HKD,0.90321
2024-09-26,HKD,0.90117
2024-09-27,HKD,0.90206
2024-09-30,HKD,0.90284
2024-10-01,HKD,0.90296
2024-10-02,HKD,0.90388
2024-10-03,HKD,0.90383
2024-10-04,HKD,0.90351
2024-10-07,HKD,0.90364
2024-10-08,HKD,0.90786
2024-10-09,HKD,0.91106
2024-10-10,HKD,0.91103
2024-10-11,HKD,0.9093
2024-10-14,HKD,0.9128
2024-10-15,HKD,0.91656
2024-10-16,HKD,0.91616
2024-10-17,HKD,0.91637
2024-10-18,HKD,0.91387
2024-10-21,HKD,0.91579
2024-10-22,HKD,0.91644
2024-10-23,HKD,0.91713
2024-10-24,HKD,0.91621
2024-10-25,HKD,0.91631
2024-10-28,HKD,0.9168
2024-10-29,HKD,0.91748
2024-10-30,HKD,0.91542
2024-10-31,HKD,0.91566
2024-11-01,HKD,0.91563
2024-11-04,HKD,0.91337
2024-11-05,HKD,0.91405
2024-11-06,HKD,0.92309
2024-11-07,HKD,0.91898
2024-11-08,HKD,0.92329
2024-11-11,HKD,0.92769
2024-11-12,HKD,0.92977
2024-11-13,HKD,0.9285
2024-11-14,HKD,0.92873
2024-11-15,HKD,0.92871
2024-11-18,HKD,0.92969
2024-11-19,HKD,0.93
2024-11-20,HKD,0.93091
2024-11-21,HKD,0.92982
2024-11-22,HKD,0.93078
2024-11-25,HKD,0.93023
2024-11-26,HKD,0.93176
2024-11-27,HKD,0.93113
2024-11-28,HKD,0.93066
2024-11-29,HKD,0.93062
2024-12-02,HKD,0.93441
2024-12-03,HKD,0.93614
2024-12-04,HKD,0.93303
2024-12-05,HKD,0.93278
2024-12-06,HKD,0.93453
2024-12-09,HKD,0.93386
2024-12-10,HKD,0.93256
2024-12-11,HKD,0.93378
2024-12-12,HKD,0.93489
2024-12-13,HKD,0.93565
2024-12-16,HKD,0.93688
2024-12-17,HKD,0.93758
2024-12-18,HKD,0.9377
2024-12-19,HKD,0.93899
2024-12-20,HKD,0.9382
2024-12-23,HKD,0.93928
2024-12-24,HKD,0.93913
2024-12-25,HKD,0.93952
2024-12-26,HKD,0.93947
2024-12-27,HKD,0.94021
2024-12-30,HKD,0.93984
2024-12-31,HKD,0.9396
2025-01-01,HKD,0.9396
2025-01-02,HKD,0.93861
2025-01-03,HKD,0.94098
2025-01-06,HKD,0.94171
2025-01-07,HKD,0.94206
2025-01-08,HKD,0.9425
2025-01-09,HKD,0.94211
2025-01-10,HKD,0.94159
2025-01-13,HKD,0.94169
2025-01-14,HKD,0.94147
2025-01-15,HKD,0.94132
2025-01-16,HKD,0.94148
2025-01-17,HKD,0.94077
2025-01-20,HKD,0.93836
2025-01-21,HKD,0.93398
2025-01-22,HKD,0.93378
2025-01-23,HKD,0.93563
2025-01-24,HKD,0.93024
2025-01-27,HKD,0.93096
2025-01-28,HKD,0.93073
2025-01-29,HKD,0.93051
2025-01-30,HKD,0.93054
2025-01-31,HKD,0.93044
2025-02-03,HKD,0.93042
2025-02-04,HKD,0.93102
2025-02-05,HKD,0.9339
2025-02-06,HKD,0.93599
2025-02-07,HKD,0.93543
2025-02-10,HKD,0.93781
2025-02-11,HKD,0.93776
2025-02-12,HKD,0.9382
2025-02-13,HKD,0.93585
2025-02-14,HKD,0.9317
2025-02-17,HKD,0.9335
2025-02-18,HKD,0.93617
2025-02-19,HKD,0.93647
2025-02-20,HKD,0.93297
2025-02-21,HKD,0.93309
2025-02-24,HKD,0.93217
2025-02-25,HKD,0.93275
2025-02-26,HKD,0.93379
2025-02-27,HKD,0.9367
2025-02-28,HKD,0.93621
2025-03-03,HKD,0.93663
2025-03-04,HKD,0.93481
2025-03-05,HKD,0.93305
2025-03-06,HKD,0.93242
2025-03-07,HKD,0.93086
2025-03-10,HKD,0.93443
2025-03-11,HKD,0.93016
2025-03-12,HKD,0.93144
2025-03-13,HKD,0.93205
2025-03-14,HKD,0.93113
2025-03-17,HKD,0.93089
2025-03-18,HKD,0.93021
2025-03-19,HKD,0.93042
2025-03-20,HKD,0.93242
2025-03-21,HKD,0.93243
2025-03-24,HKD,0.93296
2025-03-25,HKD,0.93338
2025-03-26,HKD,0.93458
2025-03-27,HKD,0.93427
2025-03-28,HKD,0.93368
2025-03-31,HKD,0.93268
2025-04-01,HKD,0.93428
2025-04-02,HKD,0.93386
2025-04-03,HKD,0.93609
2025-04-04,HKD,0.93648
2025-04-07,HKD,0.94083
2025-04-08,HKD,0.94438
2025-04-09,HKD,0.94698
2025-04-10,HKD,0.94267
2025-04-11,HKD,0.9404
2025-04-14,HKD,0.94272
2025-04-15,HKD,0.94295
2025-04-16,HKD,0.9411
2025-04-17,HKD,0.94011
2025-04-18,HKD,0.94041
2025-04-21,EUR,8.39683
2025-04-21,HKD,0.93967
2025-04-21,JPY,0.049211
2025-04-21,USD,7.2924
2025-04-22,EUR,8.35101
2025-04-22,HKD,0.94246
2025-04-22,JPY,0.049098
2025-04-22,USD,7.3123
2025-04-23,EUR,8.24524
2025-04-23,HKD,0.93889
2025-04-23,JPY,0.048858
2025-04-23,USD,7.287
2025-04-24,EUR,8.30112
2025-04-24,HKD,0.93928
2025-04-24,JPY,0.04924
2025-04-24,USD,7.2884
2025-04-25,EUR,8.28247
2025-04-25,HKD,0.93922
2025-04-25,JPY,0.049379
2025-04-25,USD,7.2877
2025-04-27,USD,7.2877
2025-04-28,EUR,8.33201
2025-04-28,HKD,0.94036
2025-04-28,JPY,0.049017
2025-04-28,USD,7.2947
2025-04-29,EUR,8.27669
2025-04-29,HKD,0.93685
2025-04-29,JPY,0.049448
2025-04-29,USD,7.2695
2025-04-30,EUR,8.23735
2025-04-30,HKD,0.93745
2025-04-30,JPY,0.049568
2025-04-30,USD,7.27135
2025-05-01,EUR,8.21117
2025-05-01,HKD,0.93733
2025-05-01,JPY,0.049253
2025-05-01,USD,7.27135
2025-05-02,EUR,8.21372
2025-05-02,HKD,0.93813
2025-05-02,JPY,0.049468
2025-05-02,USD,7.27135
2025-05-05,EUR,8.22717
2025-05-05,HKD,0.93812
2025-05-05,JPY,0.049638
2025-05-05,USD,7.27135
2025-05-06,EUR,8.20542
2025-05-06,HKD,0.93076
2025-05-06,JPY,0.049291
2025-05-06,USD,7.21705
2025-05-07,EUR,8.16453
2025-05-07,HKD,0.93084
2025-05-07,JPY,0.048977
2025-05-07,USD,7.22525
2025-05-08,EUR,8.12318
2025-05-08,HKD,0.93053
2025-05-08,JPY,0.0492
2025-05-08,USD,7.23475
2025-05-09,EUR,8.14012
2025-05-09,HKD,0.93027
2025-05-09,JPY,0.049325
2025-05-09,USD,7.23695
2025-05-12,EUR,7.98616
2025-05-12,HKD,0.92433
2025-05-12,JPY,0.0492
2025-05-12,USD,7.20285
2025-05-13,EUR,8.06066
2025-05-13,HKD,0.92415
2025-05-13,JPY,0.04868
2025-05-13,USD,7.20635
2025-05-14,EUR,8.0555
2025-05-14,HKD,0.92319
2025-05-14,JPY,0.048161
2025-05-14,USD,7.2085
2025-05-15,EUR,8.06425
2025-05-15,HKD,0.92317
2025-05-15,JPY,0.04791
2025-05-15,USD,7.2073
2025-05-16,EUR,8.04833
2025-05-16,HKD,0.92247
2025-05-16,JPY,0.047831
2025-05-16,USD,7.2095
2025-05-19,EUR,8.11202
2025-05-19,HKD,0.92238
2025-05-19,JPY,0.047689
2025-05-19,USD,7.21485
2025-05-20,EUR,8.14576
2025-05-20,HKD,0.92238
2025-05-20,JPY,0.047363
2025-05-20,USD,7.2195
2025-05-21,EUR,8.16115
2025-05-21,HKD,0.91952
2025-05-21,JPY,0.047474
2025-05-21,USD,7.2025
2025-05-22,EUR,8.12681
2025-05-22,HKD,0.92039
2025-05-22,JPY,0.047206
2025-05-22,USD,7.2043
2025-05-23,EUR,8.16075
2025-05-23,HKD,0.91664
2025-05-23,JPY,0.047349
2025-05-23,USD,7.1806
2025-05-26,EUR,8.18444
2025-05-26,HKD,0.91705
2025-05-26,JPY,0.047543
2025-05-26,USD,7.1869
2025-05-27,EUR,8.1519
2025-05-27,HKD,0.91791
2025-05-27,JPY,0.047383
2025-05-27,USD,7.1956
2025-05-28,EUR,8.12509
2025-05-28,HKD,0.91777
2025-05-28,JPY,0.04772
2025-05-28,USD,7.1948
2025-05-29,EUR,8.17181
2025-05-29,HKD,0.91628
2025-05-29,JPY,0.047695
2025-05-29,USD,7.1859
2025-05-30,EUR,8.17028
2025-05-30,HKD,0.91809
2025-05-30,JPY,0.047995
2025-05-30,USD,7.19975
2025-06-02,EUR,8.23795
2025-06-02,HKD,0.91769
2025-06-02,JPY,0.048057
2025-06-02,USD,7.19975
2025-06-03,EUR,8.17389
2025-06-03,HKD,0.91612
2025-06-03,JPY,0.04866
2025-06-03,USD,7.18805
2025-06-04,EUR,8.2037
2025-06-04,HKD,0.91561
2025-06-04,JPY,0.049077
2025-06-04,USD,7.1852
2025-06-05,EUR,8.21293
2025-06-05,HKD,0.91442
2025-06-05,JPY,0.049187
2025-06-05,USD,7.176
2025-06-06,EUR,8.19249
2025-06-06,HKD,0.91606
2025-06-06,JPY,0.04905
2025-06-06,USD,7.18955
2025-06-09,EUR,8.20153
2025-06-09,HKD,0.91493
2025-06-09,JPY,0.049036
2025-06-09,USD,7.1811
2025-06-10,EUR,8.21195
2025-06-10,HKD,0.91576
2025-06-10,JPY,0.04908
2025-06-10,USD,7.1877
2025-06-11,EUR,8.26319
2025-06-11,HKD,0.91634
2025-06-11,JPY,0.048948
2025-06-11,USD,7.1932
2025-06-12,EUR,8.31027
2025-06-12,HKD,0.91377
2025-06-12,JPY,0.049029
2025-06-12,USD,7.1733
2025-06-13,EUR,8.29654
2025-06-13,HKD,0.91482
2025-06-13,JPY,0.049016
2025-06-13,USD,7.1816
2025-06-16,EUR,8.30123
2025-06-16,HKD,0.91455
2025-06-16,JPY,0.049202
2025-06-16,USD,7.17975
2025-06-17,EUR,8.24897
2025-06-17,HKD,0.91525
2025-06-17,JPY,0.04967
2025-06-17,USD,7.1852
2025-06-18,EUR,8.25415
2025-06-18,HKD,0.91578
2025-06-18,JPY,0.049797
2025-06-18,USD,7.1894
2025-06-19,EUR,8.26301
2025-06-19,HKD,0.91568
2025-06-19,JPY,0.049646
2025-06-19,USD,7.18835
2025-06-20,EUR,8.27298
2025-06-20,HKD,0.91446
2025-06-20,JPY,0.049503
2025-06-20,USD,7.17985
2025-06-23,EUR,8.31264
2025-06-23,HKD,0.91452
2025-06-23,JPY,0.049507
2025-06-23,USD,7.18
2025-06-24,EUR,8.32593
2025-06-24,HKD,0.91354
2025-06-24,JPY,0.048857
2025-06-24,USD,7.17165
2025-06-25,EUR,8.36773
2025-06-25,HKD,0.91419
2025-06-25,JPY,0.04879
2025-06-25,USD,7.17675
2025-06-26,EUR,8.38639
2025-06-26,HKD,0.91303
2025-06-26,JPY,0.048488
2025-06-26,USD,7.16755
2025-06-27,EUR,8.40623
2025-06-27,HKD,0.91363
2025-06-27,JPY,0.047977
2025-06-27,USD,7.17255
2025-06-30,EUR,8.44403
2025-06-30,GBP,9.011
2025-06-30,HKD,0.91256
2025-06-30,JPY,0.048233
2025-06-30,USD,7.16385
2025-07-01,EUR,8.45977
2025-07-01,HKD,0.91269
2025-07-01,JPY,0.048496
2025-07-01,USD,7.16535
2025-07-02,EUR,8.45457
2025-07-02,HKD,0.91274
2025-07-02,JPY,0.048075
2025-07-02,USD,7.1658
2025-07-03,EUR,8.42877
2025-07-03,HKD,0.91318
2025-07-03,JPY,0.048291
2025-07-03,USD,7.16915
2025-07-04,EUR,8.43995
2025-07-04,HKD,0.91266
2025-07-04,JPY,0.048257
2025-07-04,USD,7.16525
2025-07-07,EUR,8.4005
2025-07-07,HKD,0.91395
2025-07-07,JPY,0.048061
2025-07-07,USD,7.1747
2025-07-08,EUR,8.41193
2025-07-08,HKD,0.91386
2025-07-08,JPY,0.047842
2025-07-08,USD,7.17405
2025-07-09,EUR,8.41549
2025-07-09,HKD,0.91467
2025-07-09,JPY,0.047461
2025-07-09,USD,7.18015
2025-07-10,EUR,8.39493
2025-07-10,HKD,0.91398
2025-07-10,JPY,0.04707
2025-07-10,USD,7.17485
2025-07-11,EUR,8.38003
2025-07-11,HKD,0.91315
2025-07-11,JPY,0.046776
2025-07-11,USD,7.16855
2025-07-14,EUR,8.36018
2025-07-14,HKD,0.91298
2025-07-14,JPY,0.046949
2025-07-14,USD,7.1672
2025-07-15,EUR,8.3214
2025-07-15,HKD,0.9137
2025-07-15,JPY,0.046799
2025-07-15,USD,7.173
2025-07-16,EUR,8.35341
2025-07-16,HKD,0.91455
2025-07-16,JPY,0.046768
2025-07-16,USD,7.17955
2025-07-17,EUR,8.33051
2025-07-17,HKD,0.91516
2025-07-17,JPY,0.047111
2025-07-17,USD,7.18395
2025-07-18,EUR,8.34503
2025-07-18,HKD,0.91466
2025-07-18,JPY,0.046736
2025-07-18,USD,7.1779
2025-07-21,EUR,8.3931
2025-07-21,HKD,0.91415
2025-07-21,JPY,0.046536
2025-07-21,USD,7.17635
2025-07-22,EUR,8.43379
2025-07-22,HKD,0.91399
2025-07-22,JPY,0.046516
2025-07-22,USD,7.17495
2025-07-23,EUR,8.42899
2025-07-23,HKD,0.91209
2025-07-23,JPY,0.046475
2025-07-23,USD,7.1602
2025-07-24,EUR,8.41006
2025-07-24,HKD,0.91135
2025-07-24,JPY,0.046719
2025-07-24,USD,7.15445
2025-07-25,EUR,8.41696
2025-07-25,HKD,0.91312
2025-07-25,JPY,0.046762
2025-07-25,USD,7.16825
2025-07-28,EUR,8.31841
2025-07-28,HKD,0.91436
2025-07-28,JPY,0.046714
2025-07-28,USD,7.17785
2025-07-29,EUR,8.2868
2025-07-29,HKD,0.91425
2025-07-29,JPY,0.046906
2025-07-29,USD,7.1772
2025-07-30,EUR,8.20529
2025-07-30,HKD,0.91636
2025-07-30,JPY,0.046743
2025-07-30,USD,7.19415
2025-07-31,EUR,8.21967
2025-07-31,HKD,0.91722
2025-07-31,JPY,0.047043
2025-07-31,USD,7.20045
2025-08-01,EUR,8.35517
2025-08-01,HKD,0.91872
2025-08-01,JPY,0.047623
2025-08-01,USD,7.21175
2025-08-04,EUR,8.30647
2025-08-04,HKD,0.91439
2025-08-04,JPY,0.047158
2025-08-04,USD,7.1787
2025-08-05,EUR,8.31584
2025-08-05,HKD,0.91507
2025-08-05,JPY,0.047288
2025-08-05,USD,7.184
2025-08-06,EUR,8.37455
2025-08-06,HKD,0.91493
2025-08-06,JPY,0.047309
2025-08-06,USD,7.1826
2025-08-07,EUR,8.37752
2025-08-07,HKD,0.91477
2025-08-07,JPY,0.047502
2025-08-07,USD,7.18145
2025-08-08,EUR,8.36241
2025-08-08,HKD,0.91515
2025-08-08,JPY,0.047906
2025-08-08,USD,7.1842
2025-08-11,EUR,8.35015
2025-08-11,HKD,0.91568
2025-08-11,JPY,0.047634
2025-08-11,USD,7.1888
2025-08-12,EUR,8.38064
2025-08-12,HKD,0.91446
2025-08-12,JPY,0.047736
2025-08-12,USD,7.1792
2025-08-13,EUR,8.39917
2025-08-13,HKD,0.91396
2025-08-13,JPY,0.047311
2025-08-13,USD,7.1751
2025-08-14,EUR,8.36356
2025-08-14,HKD,0.91649
2025-08-14,JPY,0.047153
2025-08-14,USD,7.18025
2025-08-15,EUR,8.40162
2025-08-15,HKD,0.91768
2025-08-15,JPY,0.04724
2025-08-15,USD,7.1821
2025-08-18,EUR,8.37831
2025-08-18,HKD,0.91877
2025-08-18,JPY,0.047518
2025-08-18,USD,7.1849
2025-08-19,EUR,8.36498
2025-08-19,HKD,0.92085
2025-08-19,JPY,0.047677
2025-08-19,USD,7.1824
2025-08-20,EUR,8.36135
2025-08-20,HKD,0.91844
2025-08-20,JPY,0.047928
2025-08-20,USD,7.1762
2025-08-21,EUR,8.33369
2025-08-21,HKD,0.91885
2025-08-21,JPY,0.047455
2025-08-21,USD,7.1805
2025-08-22,EUR,8.39569
2025-08-22,HKD,0.91684
2025-08-22,JPY,0.047318
2025-08-22,USD,7.1657
2025-08-25,EUR,8.30903
2025-08-25,HKD,0.9154
2025-08-25,JPY,0.046951
2025-08-25,USD,7.15155
2025-08-26,EUR,8.32812
2025-08-26,HKD,0.91766
2025-08-26,JPY,0.047261
2025-08-26,USD,7.1529
2025-08-27,EUR,8.32653
2025-08-27,HKD,0.91869
2025-08-27,JPY,0.047227
2025-08-27,USD,7.1543
2025-08-28,EUR,8.33038
2025-08-28,HKD,0.91481
2025-08-28,JPY,0.046792
2025-08-28,USD,7.13065
2025-08-29,EUR,8.33305
2025-08-29,HKD,0.91445
2025-08-29,JPY,0.046873
2025-08-29,USD,7.1308
2025-09-01,EUR,8.35908
2025-09-01,HKD,0.91541
2025-09-01,JPY,0.046675
2025-09-01,USD,7.1378
2025-09-02,EUR,8.31038
2025-09-02,HKD,0.91441
2025-09-02,JPY,0.046942
2025-09-02,USD,7.1395
2025-09-03,EUR,8.32882
2025-09-03,HKD,0.91553
2025-09-03,JPY,0.047284
2025-09-03,USD,7.14215
2025-09-04,EUR,8.31972
2025-09-04,HKD,0.91545
2025-09-04,JPY,0.04719
2025-09-04,USD,7.1417
2025-09-05,EUR,8.35899
2025-09-05,HKD,0.91476
2025-09-05,JPY,0.047222
2025-09-05,USD,7.13285
2025-09-08,EUR,8.38756
2025-09-08,HKD,0.91482
2025-09-08,JPY,0.04705
2025-09-08,USD,7.12985
2025-09-09,EUR,8.33785
2025-09-09,HKD,0.91417
2025-09-09,JPY,0.047465
2025-09-09,USD,7.1215
2025-09-10,EUR,8.32818
2025-09-10,HKD,0.91411
2025-09-10,JPY,0.047293
2025-09-10,USD,7.12115
2025-09-11,EUR,8.35267
2025-09-11,HKD,0.91389
2025-09-11,JPY,0.046661
2025-09-11,USD,7.11865
2025-09-12,EUR,8.36024
2025-09-12,HKD,0.91565
2025-09-12,JPY,0.046707
2025-09-12,USD,7.1248
2025-09-15,EUR,8.37271
2025-09-15,HKD,0.91498
2025-09-15,JPY,0.046662
2025-09-15,USD,7.11905
2025-09-16,EUR,8.44295
2025-09-16,HKD,0.91425
2025-09-16,JPY,0.046589
2025-09-16,USD,7.11435
2025-09-17,EUR,8.39113
2025-09-17,HKD,0.91321
2025-09-17,JPY,0.046957
2025-09-17,USD,7.1036
2025-09-18,EUR,8.3838
2025-09-18,HKD,0.9144
2025-09-18,JPY,0.046914
2025-09-18,USD,7.11245
2025-09-19,EUR,8.35757
2025-09-19,HKD,0.91516
2025-09-19,JPY,0.047316
2025-09-19,USD,7.11555
2025-09-22,EUR,8.39712
2025-09-22,HKD,0.91551
2025-09-22,JPY,0.047413
2025-09-22,USD,7.1147
2025-09-23,EUR,8.40336
2025-09-23,HKD,0.91452
2025-09-23,JPY,0.0471
2025-09-23,USD,7.11215
2025-09-24,EUR,8.37207
2025-09-24,HKD,0.91679
2025-09-24,JPY,0.047407
2025-09-24,USD,7.13215
2025-09-25,EUR,8.32387
2025-09-25,HKD,0.91652
2025-09-25,JPY,0.047306
2025-09-25,USD,7.13485
2025-09-26,EUR,8.34791
2025-09-26,HKD,0.91682
2025-09-26,JPY,0.047058
2025-09-26,USD,7.13375
2025-09-28,USD,7.11945
2025-09-29,EUR,8.34862
2025-09-29,HKD,0.91464
2025-09-29,JPY,0.046897
2025-09-29,USD,7.11945
2025-09-30,EUR,8.35372
2025-09-30,HKD,0.91471
2025-09-30,JPY,0.047223
2025-09-30,USD,7.11955
2025-10-01,EUR,8.35123
2025-10-01,HKD,0.9148
2025-10-01,JPY,0.047302
2025-10-01,USD,7.11955
2025-10-02,EUR,8.34126
2025-10-02,HKD,0.91469
2025-10-02,JPY,0.046838
2025-10-02,USD,7.11955
2025-10-03,EUR,8.36013
2025-10-03,HKD,0.91491
2025-10-03,JPY,0.047318
2025-10-03,USD,7.11955
2025-10-06,EUR,8.33699
2025-10-06,HKD,0.91471
2025-10-06,JPY,0.047384
2025-10-06,USD,7.11955
2025-10-07,EUR,8.29926
2025-10-07,HKD,0.9146
2025-10-07,JPY,0.047516
2025-10-07,USD,7.11955
2025-10-08,EUR,8.27826
2025-10-08,HKD,0.91476
2025-10-08,JPY,0.047487
2025-10-08,USD,7.11955
2025-10-09,EUR,8.2437
2025-10-09,HKD,0.91591
2025-10-09,JPY,0.047367
2025-10-09,USD,7.12845
2025-10-10,EUR,8.29122
2025-10-10,HKD,0.91668
2025-10-10,JPY,0.04703
2025-10-10,USD,7.1353
2025-10-11,USD,7.13205
2025-10-13,EUR,8.25143
2025-10-13,HKD,0.91664
2025-10-13,JPY,0.047073
2025-10-13,USD,7.13205
2025-10-14,EUR,8.28588
2025-10-14,HKD,0.91819
2025-10-14,JPY,0.046926
2025-10-14,USD,7.139
2025-10-15,EUR,8.30077
2025-10-15,HKD,0.91654
2025-10-15,JPY,0.046727
2025-10-15,USD,7.12665
2025-10-16,EUR,8.32617
2025-10-16,HKD,0.91665
2025-10-16,JPY,0.046598
2025-10-16,USD,7.124
2025-10-17,EUR,8.30408
2025-10-17,HKD,0.91735
2025-10-17,JPY,0.046751
2025-10-17,USD,7.12705
2025-10-20,EUR,8.28881
2025-10-20,HKD,0.91646
2025-10-20,JPY,0.04694
2025-10-20,USD,7.12005
2025-10-21,EUR,8.26163
2025-10-21,HKD,0.91633
2025-10-21,JPY,0.047217
2025-10-21,USD,7.1224
2025-10-22,EUR,8.27416
2025-10-22,HKD,0.91682
2025-10-22,JPY,0.047424
2025-10-22,USD,7.12645
2025-10-23,EUR,8.27551
2025-10-23,HKD,0.91641
2025-10-23,JPY,0.047322
2025-10-23,USD,7.1227
2025-10-24,EUR,8.27951
2025-10-24,HKD,0.9164
2025-10-24,JPY,0.047134
2025-10-24,USD,7.12155
2025-10-27,EUR,8.28024
2025-10-27,HKD,0.91532
2025-10-27,JPY,0.046984
2025-10-27,USD,7.11055
2025-10-28,EUR,8.27169
2025-10-28,HKD,0.91368
2025-10-28,JPY,0.047039
2025-10-28,USD,7.09925
2025-10-29,EUR,8.23497
2025-10-29,HKD,0.91337
2025-10-29,JPY,0.046608
2025-10-29,USD,7.0985
2025-10-30,EUR,8.22353
2025-10-30,HKD,0.91496
2025-10-30,JPY,0.04633
2025-10-30,USD,7.1104
2025-10-31,EUR,8.21028
2025-10-31,HKD,0.91583
2025-10-31,JPY,0.046459
2025-10-31,USD,7.1174
2025-11-03,EUR,8.20339
2025-11-03,HKD,0.91606
2025-11-03,JPY,0.046676
2025-11-03,USD,7.121
2025-11-04,EUR,8.18674
2025-11-04,HKD,0.91705
2025-11-04,JPY,0.046702
2025-11-04,USD,7.12975
2025-11-05,EUR,8.19042
2025-11-05,HKD,0.91653
2025-11-05,JPY,0.046385
2025-11-05,USD,7.12675
2025-11-06,EUR,8.22107
2025-11-06,HKD,0.91553
2025-11-06,JPY,0.04626
2025-11-06,USD,7.11935
2025-11-07,EUR,8.238
2025-11-07,HKD,0.91575
2025-11-07,JPY,0.046151
2025-11-07,USD,7.1226
2025-11-10,EUR,8.22854
2025-11-10,HKD,0.91576
2025-11-10,JPY,0.046181
2025-11-10,USD,7.11965
2025-11-11,EUR,8.24326
2025-11-11,HKD,0.9156
2025-11-11,JPY,0.04606
2025-11-11,USD,7.1173
2025-11-12,EUR,8.24617
2025-11-12,HKD,0.91508
2025-11-12,JPY,0.045674
2025-11-12,USD,7.11275
2025-11-13,EUR,8.2546
2025-11-13,HKD,0.91299
2025-11-13,JPY,0.04562
2025-11-13,USD,7.09585
2025-11-14,EUR,8.25039
2025-11-14,HKD,0.91333
2025-11-14,JPY,0.045611
2025-11-14,USD,7.09955
2025-11-17,EUR,8.23889
2025-11-17,HKD,0.91418
2025-11-17,JPY,0.045605
2025-11-17,USD,7.1077
2025-11-18,EUR,8.23154
2025-11-18,HKD,0.91294
2025-11-18,JPY,0.045541
2025-11-18,USD,7.1078
2025-11-19,EUR,8.20531
2025-11-19,HKD,0.91272
2025-11-19,JPY,0.04589
2025-11-19,USD,7.11155
2025-11-20,EUR,8.20414
2025-11-20,HKD,0.91415
2025-11-20,JPY,0.046358
2025-11-20,USD,7.1164
2025-11-21,EUR,8.18211
2025-11-21,HKD,0.9131
2025-11-21,JPY,0.046536
2025-11-21,USD,7.10715
2025-11-24,EUR,8.18319
2025-11-24,HKD,0.91262
2025-11-24,JPY,0.046468
2025-11-24,USD,7.10285
2025-11-25,EUR,8.19729
2025-11-25,HKD,0.91112
2025-11-25,JPY,0.04622
2025-11-25,USD,7.08465
2025-11-26,EUR,8.20498
2025-11-26,HKD,0.90967
2025-11-26,JPY,0.046287
2025-11-26,USD,7.076
2025-11-27,EUR,8.20932
2025-11-27,HKD,0.90994
2025-11-27,JPY,0.045992
2025-11-27,USD,7.07975
2025-11-28,EUR,8.20446
2025-11-28,HKD,0.90869
2025-11-28,JPY,0.045996
2025-11-28,USD,7.07525
2025-12-01,EUR,8.21066
2025-12-01,HKD,0.90793
2025-12-01,JPY,0.045968
2025-12-01,USD,7.07175
2025-12-02,EUR,8.21886
2025-12-02,HKD,0.90813
2025-12-02,JPY,0.046008
2025-12-02,USD,7.0709
2025-12-03,EUR,8.24451
2025-12-03,HKD,0.90737
2025-12-03,JPY,0.04593
2025-12-03,USD,7.0638
2025-12-04,EUR,8.23423
2025-12-04,HKD,0.9085
2025-12-04,JPY,0.045818
2025-12-04,USD,7.07165
2025-12-05,EUR,8.2316
2025-12-05,HKD,0.90811
2025-12-05,JPY,0.045656
2025-12-05,USD,7.0703
2025-12-08,EUR,8.22969
2025-12-08,HKD,0.90872
2025-12-08,JPY,0.045872
2025-12-08,USD,7.0717
2025-12-09,EUR,8.21249
2025-12-09,HKD,0.90756
2025-12-09,JPY,0.045469
2025-12-09,USD,7.0636
2025-12-10,EUR,8.2624
2025-12-10,HKD,0.90789
2025-12-10,JPY,0.045728
2025-12-10,USD,7.0646
2025-12-11,EUR,8.28509
2025-12-11,HKD,0.90692
2025-12-11,JPY,0.045667
2025-12-11,USD,7.05805
2025-12-12,EUR,8.2831
2025-12-12,HKD,0.9063
2025-12-12,JPY,0.045711
2025-12-12,USD,7.05515
2025-12-15,EUR,8.28351
2025-12-15,HKD,0.90553
2025-12-15,JPY,0.045905
2025-12-15,USD,7.0477
2025-12-16,EUR,8.272
2025-12-16,HKD,0.905
2025-12-16,JPY,0.045886
2025-12-16,USD,7.0421
2025-12-17,EUR,8.26971
2025-12-17,HKD,0.90517
2025-12-17,JPY,0.046068
2025-12-17,USD,7.04375
2025-12-18,EUR,8.25434
2025-12-18,HKD,0.90476
2025-12-18,JPY,0.046038
2025-12-18,USD,7.04175
2025-12-19,EUR,8.24472
2025-12-19,HKD,0.90475
2025-12-19,JPY,0.04594
2025-12-19,USD,7.04105
2025-12-22,EUR,8.27586
2025-12-22,HKD,0.9043
2025-12-22,JPY,0.045575
2025-12-22,USD,7.037
2025-12-23,EUR,8.28976
2025-12-23,HKD,0.90359
2025-12-23,JPY,0.045449
2025-12-23,USD,7.0285
2025-12-24,EUR,8.2625
2025-12-24,HKD,0.90204
2025-12-24,JPY,0.045501
2025-12-24,USD,7.0149
2025-12-25,EUR,8.2519
2025-12-25,HKD,0.90099
2025-12-25,JPY,0.045533
2025-12-25,USD,7.0059
2025-12-26,EUR,8.24864
2025-12-26,HKD,0.90148
2025-12-26,JPY,0.045506
2025-12-26,USD,7.0067
2025-12-29,EUR,8.24781
2025-12-29,HKD,0.90111
2025-12-29,JPY,0.04548
2025-12-29,USD,7.006
2025-12-30,EUR,8.21937
2025-12-30,HKD,0.89905
2025-12-30,JPY,0.045084
2025-12-30,USD,6.9964
2025-12-31,EUR,8.21445
2025-12-31,HKD,0.89845
2025-12-31,JPY,0.044751
2025-12-31,USD,6.9937
2026-01-01,EUR,8.21445
2026-01-01,HKD,0.89834
2026-01-01,JPY,0.044832
2026-01-01,USD,6.9937
2026-01-02,EUR,8.19662
2026-01-02,HKD,0.89748
2026-01-02,JPY,0.044956
2026-01-02,USD,6.9937
2026-01-04,USD,6.98865
2026-01-05,EUR,8.19175
2026-01-05,HKD,0.89753
2026-01-05,JPY,0.045507
2026-01-05,USD,6.98865
2026-01-06,EUR,8.1629
2026-01-06,HKD,0.89654
2026-01-06,JPY,0.0456
2026-01-06,USD,6.9837
2026-01-07,EUR,8.16853
2026-01-07,HKD,0.89843
2026-01-07,JPY,0.045914
2026-01-07,USD,6.9972
2026-01-08,EUR,8.14299
2026-01-08,HKD,0.89614
2026-01-08,JPY,0.04591
2026-01-08,USD,6.984
2026-01-09,EUR,8.12024
2026-01-09,HKD,0.89495
2026-01-09,JPY,0.045776
2026-01-09,USD,6.97735
2026-01-12,EUR,8.13592
2026-01-12,HKD,0.89436
2026-01-12,JPY,0.045707
2026-01-12,USD,6.97315
2026-01-13,EUR,8.12414
2026-01-13,HKD,0.8944
2026-01-13,JPY,0.045746
2026-01-13,USD,6.978
2026-01-14,EUR,8.11971
2026-01-14,HKD,0.89419
2026-01-14,JPY,0.045671
2026-01-14,USD,6.9736
2026-01-15,EUR,8.0866
2026-01-15,HKD,0.89337
2026-01-15,JPY,0.045653
2026-01-15,USD,6.9664
2026-01-16,EUR,8.08317
2026-01-16,HKD,0.89372
2026-01-16,JPY,0.045624
2026-01-16,USD,6.96885
2026-01-19,EUR,8.11033
2026-01-19,HKD,0.8931
2026-01-19,JPY,0.046341
2026-01-19,USD,6.96405
2026-01-20,EUR,8.1616
2026-01-20,HKD,0.89234
2026-01-20,JPY,0.046384
2026-01-20,USD,6.96115
2026-01-21,EUR,8.13627
2026-01-21,HKD,0.89308
2026-01-21,JPY,0.046429
2026-01-21,USD,6.9639
2026-01-22,EUR,8.19758
2026-01-22,HKD,0.89429
2026-01-22,JPY,0.046572
2026-01-22,USD,6.9734
2026-01-23,EUR,8.23613
2026-01-23,HKD,0.89305
2026-01-23,JPY,0.046555
2026-01-23,USD,6.96325
2026-01-26,EUR,8.26212
2026-01-26,HKD,0.8918
2026-01-26,JPY,0.046331
2026-01-26,USD,6.95435
2026-01-27,EUR,8.37438
2026-01-27,HKD,0.89166
2026-01-27,JPY,0.046473
2026-01-27,USD,6.9546
2026-01-28,EUR,8.30373
2026-01-28,HKD,0.89033
2026-01-28,JPY,0.045906
2026-01-28,USD,6.9464
2026-01-29,EUR,8.31758
2026-01-29,HKD,0.8901
2026-01-29,JPY,0.04576
2026-01-29,USD,6.9484
2026-01-30,EUR,8.23782
2026-01-30,HKD,0.88949
2026-01-30,JPY,0.045784
2026-01-30,USD,6.95175
2026-02-02,EUR,8.19062
2026-02-02,HKD,0.88934
2026-02-02,JPY,0.045797
2026-02-02,USD,6.9465
2026-02-03,EUR,8.20032
2026-02-03,HKD,0.88788
2026-02-03,JPY,0.045762
2026-02-03,USD,6.93825
2026-02-04,EUR,8.19612
2026-02-04,HKD,0.88843
2026-02-04,JPY,0.045997
2026-02-04,USD,6.94175
2026-02-05,EUR,8.17106
2026-02-05,HKD,0.8878
2026-02-05,JPY,0.045995
2026-02-05,USD,6.93815
2026-02-06,EUR,8.19976
2026-02-06,HKD,0.88801
2026-02-06,JPY,0.045936
2026-02-06,USD,6.93895
2026-02-09,EUR,8.24787
2026-02-09,HKD,0.88573
2026-02-09,JPY,0.045694
2026-02-09,USD,6.92255
2026-02-10,EUR,8.22063
2026-02-10,HKD,0.88383
2026-02-10,JPY,0.045485
2026-02-10,USD,6.911
2026-02-11,EUR,8.20672
2026-02-11,HKD,0.8842
2026-02-11,JPY,0.045562
2026-02-11,USD,6.91325
2026-02-12,EUR,8.19195
2026-02-12,HKD,0.88292
2026-02-12,JPY,0.045808
2026-02-12,USD,6.9011
2026-02-13,EUR,8.19953
2026-02-13,HKD,0.88374
2026-02-13,JPY,0.046013
2026-02-13,USD,6.90865
2026-02-14,USD,6.90865
2026-02-16,EUR,8.18744
2026-02-16,HKD,0.88382
2026-02-16,JPY,0.045641
2026-02-16,USD,6.90865
2026-02-17,EUR,8.1902
2026-02-17,HKD,0.8839
2026-02-17,JPY,0.045435
2026-02-17,USD,6.90865
2026-02-18,EUR,8.14081
2026-02-18,HKD,0.88401
2026-02-18,JPY,0.045351
2026-02-18,USD,6.90865
2026-02-19,EUR,8.1339
2026-02-19,HKD,0.884
2026-02-19,JPY,0.045525
2026-02-19,USD,6.90865
2026-02-20,EUR,8.13943
2026-02-20,HKD,0.88394
2026-02-20,JPY,0.045524
2026-02-20,USD,6.90865
2026-02-23,EUR,8.14219
2026-02-23,HKD,0.88342
2026-02-23,JPY,0.045813
2026-02-23,USD,6.90865
2026-02-24,EUR,8.10413
2026-02-24,HKD,0.8798
2026-02-24,JPY,0.045776
2026-02-24,USD,6.88395
2026-02-25,EUR,8.11316
2026-02-25,HKD,0.87835
2026-02-25,JPY,0.045736
2026-02-25,USD,6.86945
2026-02-26,EUR,8.07096
2026-02-26,HKD,0.87435
2026-02-26,JPY,0.045632
2026-02-26,USD,6.84125
2026-02-27,EUR,8.10228
2026-02-27,HKD,0.87667
2026-02-27,JPY,0.045525
2026-02-27,USD,6.8582
2026-02-28,USD,6.88255
2026-03-01,EUR,8.10228
2026-03-01,JPY,0.045525
2026-03-01,USD,6.88255
2026-03-02,EUR,8.04467
2026-03-02,HKD,0.87986
2026-03-02,JPY,0.046014
2026-03-02,USD,6.88255
2026-03-03,EUR,8.01418
2026-03-03,HKD,0.88395
2026-03-03,JPY,0.046334
2026-03-03,USD,6.90015
2026-03-04,EUR,8.02403
2026-03-04,HKD,0.88214
2026-03-04,JPY,0.046637
2026-03-04,USD,6.89735
2026-03-05,EUR,7.99994
2026-03-05,HKD,0.88121
2026-03-05,JPY,0.046888
2026-03-05,USD,6.89145
2026-03-06,EUR,8.01386
2026-03-06,HKD,0.88154
2026-03-06,JPY,0.0469
2026-03-06,USD,6.8975
2026-03-09,EUR,8.03768
2026-03-09,HKD,0.883
2026-03-09,JPY,0.047347
2026-03-09,USD,6.9073
2026-03-10,EUR,7.98512
2026-03-10,HKD,0.87878
2026-03-10,JPY,0.046962
2026-03-10,USD,6.8772
2026-03-11,EUR,7.94219
2026-03-11,HKD,0.87729
2026-03-11,JPY,0.046946
2026-03-11,USD,6.86625
2026-03-12,EUR,7.90719
2026-03-12,HKD,0.87759
2026-03-12,JPY,0.046948
2026-03-12,USD,6.86895
2026-03-13,EUR,7.8735
2026-03-13,HKD,0.88084
2026-03-13,JPY,0.04706
2026-03-13,USD,6.8966
2026-03-16,EUR,7.93368
2026-03-16,HKD,0.88058
2026-03-16,JPY,0.04716
2026-03-16,USD,6.89615
2026-03-17,EUR,7.94708
2026-03-17,HKD,0.87876
2026-03-17,JPY,0.046852
2026-03-17,USD,6.88685
2026-03-18,EUR,7.87085
2026-03-18,HKD,0.87671
2026-03-18,JPY,0.046803
2026-03-18,USD,6.8729
2026-03-19,EUR,7.99693
2026-03-19,HKD,0.88073
2026-03-19,JPY,0.04685
2026-03-19,USD,6.90045
2026-03-20,EUR,7.96825
2026-03-20,HKD,0.87892
2026-03-20,JPY,0.046802
2026-03-20,USD,6.8864
2026-03-23,EUR,7.9912
2026-03-23,HKD,0.87827
2026-03-23,JPY,0.046698
2026-03-23,USD,6.88125
2026-03-24,EUR,8.00047
2026-03-24,HKD,0.8804
2026-03-24,JPY,0.046709
2026-03-24,USD,6.8925
2026-03-25,EUR,7.97721
2026-03-25,HKD,0.88261
2026-03-25,JPY,0.046712
2026-03-25,USD,6.9016
2026-03-26,EUR,7.96752
2026-03-26,HKD,0.88304
2026-03-26,JPY,0.047009
2026-03-26,USD,6.91145
2026-03-27,EUR,7.95548
2026-03-27,HKD,0.88234
2026-03-27,JPY,0.046908
2026-03-27,USD,6.9118
2026-03-30,EUR,7.92582
2026-03-30,HKD,0.88204
2026-03-30,JPY,0.046988
2026-03-30,USD,6.91245
2026-03-31,EUR,7.97076
2026-03-31,HKD,0.87985
2026-03-31,JPY,0.046747
2026-03-31,USD,6.899
2026-04-01,EUR,7.96443
2026-04-01,HKD,0.87674
2026-04-01,JPY,0.047077
2026-04-01,USD,6.8727
2026-04-02,EUR,7.94605
2026-04-02,HKD,0.87846
2026-04-02,JPY,0.047522
2026-04-02,USD,6.88655
2026-04-03,EUR,7.92669
2026-04-03,HKD,0.87805
2026-04-03,JPY,0.047407
2026-04-03,USD,6.8826
2026-04-06,EUR,7.94355
2026-04-06,HKD,0.8781
2026-04-06,JPY,0.046964
2026-04-06,USD,6.8826
2026-04-07,EUR,7.95116
2026-04-07,HKD,0.87497
2026-04-07,JPY,0.046596
2026-04-07,USD,6.8574
2026-04-08,EUR,7.96548
2026-04-08,HKD,0.87184
2026-04-08,JPY,0.046568
2026-04-08,USD,6.8297
2026-04-09,EUR,7.99326
2026-04-09,HKD,0.87192
2026-04-09,JPY,0.046981
2026-04-09,USD,6.83185
2026-04-10,EUR,8.00242
2026-04-10,HKD,0.87175
2026-04-10,JPY,0.046779
2026-04-10,USD,6.828
2026-04-13,EUR,8.03187
2026-04-13,HKD,0.87217
2026-04-13,JPY,0.046815
2026-04-13,USD,6.8304
2026-04-14,EUR,8.03992
2026-04-14,HKD,0.87006
2026-04-14,JPY,0.046576
2026-04-14,USD,6.8158
2026-04-15,EUR,8.04519
2026-04-15,HKD,0.87029
2026-04-15,JPY,0.046566
2026-04-15,USD,6.81825
2026-04-16,EUR,8.03663
2026-04-16,HKD,0.87163
2026-04-16,JPY,0.04658
2026-04-16,USD,6.8214
2026-04-17,EUR,8.01994
2026-04-17,HKD,0.87037
2026-04-17,JPY,0.045866
2026-04-17,USD,6.81765
2026-04-20,HKD,0.87057
2026-04-21,HKD,0.87104
2026-04-22,HKD,0.8716
2026-04-23,HKD,0.87151
2026-04-24,HKD,0.87238
2026-04-27,HKD,0.87054
2026-04-28,HKD,0.87253
2026-04-29,HKD,0.87243
2026-04-30,HKD,0.87169
2026-05-01,HKD,0.87144
2026-05-04,HKD,0.87192
2026-05-05,HKD,0.87161
2026-05-06,HKD,0.86923
2026-05-07,HKD,0.86831
2026-05-08,HKD,0.86859
2026-05-11,HKD,0.86793
2026-05-12,HKD,0.86755
2026-05-13,HKD,0.86727
2026-05-14,HKD,0.86625
2026-05-15,HKD,0.8695
2026-05-18,HKD,0.86839
2026-05-19,HKD,0.8699
2026-05-20,HKD,0.86812
2026-05-21,HKD,0.86831
2026-05-22,HKD,0.86714
2026-05-25,HKD,0.86594
2026-05-26,HKD,0.86598
2026-05-27,HKD,0.86523
2026-05-28,HKD,0.8654
2026-05-29,HKD,0.86329
2026-06-01,HKD,0.86315
2026-06-02,HKD,0.86284
2026-06-03,HKD,0.86374
2026-06-04,HKD,0.86457
2026-06-05,HKD,0.86345
2026-06-08,HKD,0.86552
2026-06-09,HKD,0.86407
2026-06-10,HKD,0.86444
2026-06-11,HKD,0.8651
